{"cameraMode":{"drawMode":0,"name":"Shaded","section":"Shading Mode"},"sceneLighting":true,"audioPlay":false,"sceneViewState":{"m_AlwaysRefresh":false,"showFog":true,"showSkybox":true,"showFlares":true,"showImageEffects":true,"showParticleSystems":true,"showVisualEffectGraphs":true,"m_FxEnabled":true},"in2DMode":false,"pivot":{"x":1.1562272310256959,"y":3.366770029067993,"z":13.985851287841797},"rotation":{"x":-0.07024166733026505,"y":-0.1744614839553833,"z":0.012477713637053967,"w":-0.9821057319641113},"size":0.004687979351729155,"orthographic":false}