{"cameraMode":{"drawMode":0,"name":"Shaded","section":"Shading Mode"},"sceneLighting":true,"audioPlay":false,"sceneViewState":{"m_AlwaysRefresh":false,"showFog":true,"showSkybox":true,"showFlares":true,"showImageEffects":true,"showParticleSystems":true,"showVisualEffectGraphs":true,"m_FxEnabled":true},"in2DMode":false,"pivot":{"x":0.5278043746948242,"y":4.873106002807617,"z":21.482215881347658},"rotation":{"x":-0.3096446096897125,"y":0.13178926706314088,"z":-0.04338228330016136,"w":-0.9406803250312805},"size":0.00014218862634152174,"orthographic":false}